page,line,kind,text
38,27,KITONGOJI_WITHOUT_MTAA,"Mombo 21620 Majengo"
47,15,KITONGOJI_WITHOUT_MTAA,"LUSHOTO 217 LUSHOTO 21701 Chakechake"
84,21,KITONGOJI_WITHOUT_MTAA,"Magamba 21745 Magamba"
5,24,KITONGOJI_WITHOUT_MTAA,"ARUSHA 232 Olturumet 23201 Ekenywa"
8,9,KITONGOJI_WITHOUT_MTAA,"Kiranyi 23209 Kiranyi"
8,13,KITONGOJI_WITHOUT_MTAA,"Olorien 23210 Olorien"
9,17,KITONGOJI_WITHOUT_MTAA,"Olmotonyi 23214 Ngaramtoni"
10,11,KITONGOJI_WITHOUT_MTAA,"Moivo 23217 Moivo"
13,16,KITONGOJI_WITHOUT_MTAA,"Tarakwa 23226 Tarakwa"
13,18,KITONGOJI_WITHOUT_MTAA,"Ilboru 23227 Oltulelei"
13,20,KITONGOJI_WITHOUT_MTAA,"Arumeru 233 Usa River 23301 Ngaresero"
24,7,KITONGOJI_WITHOUT_MTAA,"Monduli 234 Monduli Mjini 23401 Monduli Magharibi"
36,19,KITONGOJI_WITHOUT_MTAA,"Karatu 236 Karatu 23601 Kati"
36,30,KITONGOJI_WITHOUT_MTAA,"Ganako 23602 Ayalabe Magharibi"
44,21,KITONGOJI_WITHOUT_MTAA,"Ngorongoro 237 Orgosorok 23701 Loliondo Mashariki"
15,10,KITONGOJI_WITHOUT_MTAA,"Makuyuni (Himo) 25223 Mieresini B"
20,19,KITONGOJI_WITHOUT_MTAA,"Njia Panda 25232 Njia Panda Mashariki"
26,14,KITONGOJI_WITHOUT_MTAA,"Bomang'ombe 25312 Kibaoni"
27,32,KITONGOJI_WITHOUT_MTAA,"Muungano 25316 Kambi ya Raha"
27,38,KITONGOJI_WITHOUT_MTAA,"Bondeni 25317 Kingereka A"
35,36,KITONGOJI_WITHOUT_MTAA,"Mwanga 25511 Mabomani"
39,30,KITONGOJI_WITHOUT_MTAA,"SAME 256 Same 25601 Ujamaa A"
39,36,KITONGOJI_WITHOUT_MTAA,"Stesheni 25602 Stesheni"
40,3,KITONGOJI_WITHOUT_MTAA,"Kisima 25603 Kisima"
55,2,KITONGOJI_WITHOUT_MTAA,"Kelamfua/Mokala 25711 Mhembeni"
13,38,KITONGOJI_WITHOUT_MTAA,"Hanang' 273 Katesh 27301 Katesh Stendi"
14,5,KITONGOJI_WITHOUT_MTAA,"Ganana 27302 Katesh ‘A’"
24,21,KITONGOJI_WITHOUT_MTAA,"Dumbeta 27332 Dumbeta"
24,30,KITONGOJI_WITHOUT_MTAA,"Jordon 27333 Udameschek"
39,27,KITONGOJI_WITHOUT_MTAA,"KITETO 275 Kibaya 27501 Bomani"
39,32,KITONGOJI_WITHOUT_MTAA,"Bwagamoyo 27502 Jangwani"
41,29,KITONGOJI_WITHOUT_MTAA,"Matui 27507 Soweto"
46,30,KITONGOJI_WITHOUT_MTAA,"Kaloleni 27522 Kaloleni"
46,35,KITONGOJI_WITHOUT_MTAA,"Bwawani 27523 Bwawani"
46,39,KITONGOJI_WITHOUT_MTAA,"SIMANJIRO 276 Orkesumet 27601 Orkesumet"
50,2,KITONGOJI_WITHOUT_MTAA,"Mererani 27609 Tunduru"
53,15,KITONGOJI_WITHOUT_MTAA,"Endiamutu 27616 Kaza Moyo Juu"
5,32,KITONGOJI_WITHOUT_MTAA,"Katoro 30113 Mlimani"
11,6,KITONGOJI_WITHOUT_MTAA,"Nyamigota 30127 Elimu"
18,21,KITONGOJI_WITHOUT_MTAA,"Ludete 30149 Ibondo"
54,17,KITONGOJI_WITHOUT_MTAA,"Ng’anzo 30510 Segwe"
54,40,KITONGOJI_WITHOUT_MTAA,"Igulwa 30511 Igulwa"
55,9,KITONGOJI_WITHOUT_MTAA,"Ushirombo 30512 Ifungamawazo"
55,25,KITONGOJI_WITHOUT_MTAA,"Butizya 30513 Ngita"
56,2,KITONGOJI_WITHOUT_MTAA,"Katente 30514 Majengo"
56,12,KITONGOJI_WITHOUT_MTAA,"Bulangwa 30515 Mission"
56,20,KITONGOJI_WITHOUT_MTAA,"Katome 30516 Bugama"
56,40,KITONGOJI_WITHOUT_MTAA,"Bulega 30517 Bulega senta"
1,1,KITONGOJI_WITHOUT_MTAA,"MARA 31 MUSOMA CBD 311 Mukendo 31101 Mukendo"
1,4,KITONGOJI_WITHOUT_MTAA,"Mwigobero 31102 Mwigobero A"
1,8,KITONGOJI_WITHOUT_MTAA,"Iringo 31103 Iringo A"
1,12,KITONGOJI_WITHOUT_MTAA,"Kitaji 31104 Kitaji A"
1,16,KITONGOJI_WITHOUT_MTAA,"Kamunyonge 31105 Biafra"
1,20,KITONGOJI_WITHOUT_MTAA,"Mwisenge 31106 Pwani"
1,28,KITONGOJI_WITHOUT_MTAA,"Nyamatare 31107 Mara Sekondari"
1,33,KITONGOJI_WITHOUT_MTAA,"Nyasho 31108 Magereza"
2,1,KITONGOJI_WITHOUT_MTAA,"Nyakato 31109 Baruti"
2,5,KITONGOJI_WITHOUT_MTAA,"Makoko 31110 Nyarigamba"
2,13,KITONGOJI_WITHOUT_MTAA,"Buhare 31111 Buhare"
2,16,KITONGOJI_WITHOUT_MTAA,"Kigera 31112 Bonde kati “A”"
2,20,KITONGOJI_WITHOUT_MTAA,"Bweri 31113 Bweri"
2,25,KITONGOJI_WITHOUT_MTAA,"Rwamlimi 31114 Rwamlimi"
2,29,KITONGOJI_WITHOUT_MTAA,"Kwangwa 31115 Kwangwa “A”"
2,33,KITONGOJI_WITHOUT_MTAA,"Mshikamano 31116 Mshikamano “A”"
24,28,KITONGOJI_WITHOUT_MTAA,"Mkoma 31305 Kabwana"
35,14,KITONGOJI_WITHOUT_MTAA,"Raranya 31326 Kyariko"
64,23,KITONGOJI_WITHOUT_MTAA,"Manyamanyama 31532 Mbugani"
64,28,KITONGOJI_WITHOUT_MTAA,"SERENGETI 316 Mugumu 31602 MCU"
64,32,KITONGOJI_WITHOUT_MTAA,"Stendi Kuu 31603 Kyabakari"
64,35,KITONGOJI_WITHOUT_MTAA,"Geitasamo 31604 Kerenero"
64,38,KITONGOJI_WITHOUT_MTAA,"Morotonga 31605 Seronga"
65,3,KITONGOJI_WITHOUT_MTAA,"Uwanja wa ndege 31606 Burunga"
66,10,KITONGOJI_WITHOUT_MTAA,"Kisangura 31610 Kisangura"
73,34,KITONGOJI_WITHOUT_MTAA,"Matare 31632 Kegonga"
27,14,KITONGOJI_WITHOUT_MTAA,"Mission 33338 Mission"
27,16,KITONGOJI_WITHOUT_MTAA,"Ibondo 33339 Magutu"
31,5,KITONGOJI_WITHOUT_MTAA,"MAGU 334 Magu mjini 33401 National"
44,2,KITONGOJI_WITHOUT_MTAA,"Itumbili 33424 Unyamwezini"
44,7,KITONGOJI_WITHOUT_MTAA,"Isandula 33425 Isandula ‘A’ mashariki"
62,35,KITONGOJI_WITHOUT_MTAA,"UKEREWE 336 Nansio 33601 Namagubo “A”"
76,4,KITONGOJI_WITHOUT_MTAA,"Kwimba 338 Ngudu 33801 Kimwaga Busabi"
24,15,KITONGOJI_WITHOUT_MTAA,"Kayanga 35402 Bomani"
25,10,KITONGOJI_WITHOUT_MTAA,"Bugene 35404 Omurushaka 'A'"
58,1,KITONGOJI_WITHOUT_MTAA,"BIHARAMULO 356 Biharamulo Mjini 35601 Ng’ambo"
67,11,KITONGOJI_WITHOUT_MTAA,"NGARA 357 Ngara Mjini 35701 Mukidyama"
73,3,KITONGOJI_WITHOUT_MTAA,"Rulenge 35713 Kagazi"
57,9,KITONGOJI_WITHOUT_MTAA,"KISHAPU 375 Kishapu 37501 Zaire"
71,12,KITONGOJI_WITHOUT_MTAA,"Mwataga 37525 Mataga"
39,24,KITONGOJI_WITHOUT_MTAA,"Binza 39318 Mwakaleka"
39,34,KITONGOJI_WITHOUT_MTAA,"Nyalikungu 39319 Nyalikungu"
45,23,KITONGOJI_WITHOUT_MTAA,"Sola 39335 Mwabomba"
45,33,KITONGOJI_WITHOUT_MTAA,"Shanwa 39336 Stendi Mpya"
43,1,KITONGOJI_WITHOUT_MTAA,"KONGWA 415 Kongwa 41501 Mjini Mash A"
46,17,KITONGOJI_WITHOUT_MTAA,"Kibaigwa 41508 Karume"
52,17,KITONGOJI_WITHOUT_MTAA,"MPWAPWA 416 Mpwapwa Mjini 41601 Mpwapwa mjini"
15,37,KITONGOJI_WITHOUT_MTAA,"IRAMBA 433 Kiomboi 43301 Lulumba"
24,30,KITONGOJI_WITHOUT_MTAA,"Old Kiomboi 43318 Madukani"
25,37,KITONGOJI_WITHOUT_MTAA,"MANYONI 434 Manyoni Urban 43401 Mjini"
26,12,KITONGOJI_WITHOUT_MTAA,"Mkwese 43402 Stendi"
26,22,KITONGOJI_WITHOUT_MTAA,"Muhalala 43403 Barabarani"
6,22,KITONGOJI_WITHOUT_MTAA,"Ikomwa 45122 Iponya"
62,19,KITONGOJI_WITHOUT_MTAA,"URAMBO 455 Urambo 45501 Shimoni"
67,19,KITONGOJI_WITHOUT_MTAA,"Mchikichini 45513 Kamsekwa"
67,23,KITONGOJI_WITHOUT_MTAA,"Kiyungi 45514 Sergent Yohana Nkenyela"
69,1,KITONGOJI_WITHOUT_MTAA,"IGUNGA 456 Igunga 45601 Stoo"
15,5,KITONGOJI_WITHOUT_MTAA,"Kasulu 473 Kasulu Mjini 47301 Murubona"
29,20,KITONGOJI_WITHOUT_MTAA,"Ilula 51302 Ilula-Itunda"
42,4,KITONGOJI_WITHOUT_MTAA,"Nyalumbu 51321 Ilula-Mwaya"
42,12,KITONGOJI_WITHOUT_MTAA,"Mlafu 51322 Mlafu"
14,3,KITONGOJI_WITHOUT_MTAA,"Utengule /Usongwe 53208 Mbalizi"
25,16,KITONGOJI_WITHOUT_MTAA,"Nsalala 53220 Mageuzi"
47,33,KITONGOJI_WITHOUT_MTAA,"Mbarali 536 Rujewa 53601 CCM"
65,14,KITONGOJI_WITHOUT_MTAA,"Lugelele 53620 Lugelele"
66,13,KITONGOJI_WITHOUT_MTAA,"Kyela 537 Kyela 53701 Kyela kati"
74,10,KITONGOJI_WITHOUT_MTAA,"Itope 53718 Kandete"
74,13,KITONGOJI_WITHOUT_MTAA,"Ikimba 53719 Kilasilo"
75,15,KITONGOJI_WITHOUT_MTAA,"Mikoroshoni 53723 Mikoroshoni"
75,18,KITONGOJI_WITHOUT_MTAA,"Mbugani 53724 Roma"
75,21,KITONGOJI_WITHOUT_MTAA,"Mwanganyanga 53725 Mwaikambo"
75,24,KITONGOJI_WITHOUT_MTAA,"Serengeti 53726 Nazareth"
75,27,KITONGOJI_WITHOUT_MTAA,"Itunge 53727 Mundekesye"
75,31,KITONGOJI_WITHOUT_MTAA,"Nkuyu 53728 Njisi"
75,36,KITONGOJI_WITHOUT_MTAA,"Ndandalo 53729 Mpakani"
76,2,KITONGOJI_WITHOUT_MTAA,"Ipyana 53730 Ipyana ""A"""
76,5,KITONGOJI_WITHOUT_MTAA,"Bondeni 53731 Bondeni ""A"""
76,12,KITONGOJI_WITHOUT_MTAA,"Ibanda 53732 Mbyasyo"
76,18,KITONGOJI_WITHOUT_MTAA,"Njisi 73733 Njisi"
78,4,KITONGOJI_WITHOUT_MTAA,"Mkola 53807 Mkola"
78,9,KITONGOJI_WITHOUT_MTAA,"Matundasi 53809 Matundasi A"
78,17,KITONGOJI_WITHOUT_MTAA,"Makongolosi 53810 Makongolosi"
82,12,KITONGOJI_WITHOUT_MTAA,"Bwawani 53837 Uhuru"
6,13,KITONGOJI_WITHOUT_MTAA,"Mbozi 542 Vwawa 54201 53301 Vwawa Kati"
6,32,KITONGOJI_WITHOUT_MTAA,"Mlowo 54202 53302 Mlowo"
17,38,KITONGOJI_WITHOUT_MTAA,"Ilolo 54218 53318 Ikonongo"
18,6,KITONGOJI_WITHOUT_MTAA,"Ichenjezya 54219 53319 Mbugani"
18,11,KITONGOJI_WITHOUT_MTAA,"Hasanga 54220 53320 Hasanga"
18,25,KITONGOJI_WITHOUT_MTAA,"Hasamba 54221 53321 Iyenga"
10,21,KITONGOJI_WITHOUT_MTAA,"SUMBAWANGA 552 Laela 55201 Laela"
22,16,KITONGOJI_WITHOUT_MTAA,"Kasanzama 55226 Kasanzama"
22,29,KITONGOJI_WITHOUT_MTAA,"Mnokola 55227 Majengo"
23,6,KITONGOJI_WITHOUT_MTAA,"NKASI 553 Namanyere 55301 Mkasama"
23,17,KITONGOJI_WITHOUT_MTAA,"Nkomolo 55302 Kakoma"
27,11,KITONGOJI_WITHOUT_MTAA,"Mtenga 55307 Mtenga"
39,19,KITONGOJI_WITHOUT_MTAA,"Majengo 55322 Soko Kuu"
39,28,KITONGOJI_WITHOUT_MTAA,"Isunta 55323 Juu Mpakani"
39,38,KITONGOJI_WITHOUT_MTAA,"Kipindu 55324 Mkereketwa"
40,15,KITONGOJI_WITHOUT_MTAA,"Ntatumbila 55325 Mtosi"
40,27,KITONGOJI_WITHOUT_MTAA,"Mashete 55326 Miombo"
40,30,KITONGOJI_WITHOUT_MTAA,"Paramawe 55327 Paramawe"
40,34,KITONGOJI_WITHOUT_MTAA,"Isale Asilia 55328 Isale"
19,6,KITONGOJI_WITHOUT_MTAA,"NAMTUMBO 573 Namtumbo 57301 Nahoro"
22,8,KITONGOJI_WITHOUT_MTAA,"Lusewa 57305 Msanga"
31,33,KITONGOJI_WITHOUT_MTAA,"MBINGA 574 Mbinga Mjini 57401 Kiwanjani"
59,25,KITONGOJI_WITHOUT_MTAA,"Mbambi 57442 Mbuyula"
59,29,KITONGOJI_WITHOUT_MTAA,"Lusonga 57443 Kiyaha"
59,32,KITONGOJI_WITHOUT_MTAA,"Matarawe 57444 Pugulu"
59,36,KITONGOJI_WITHOUT_MTAA,"Masumuni 57445 Tangi la Maji A"
60,1,KITONGOJI_WITHOUT_MTAA,"Mbinga Mjini B 57446 Mbiku"
60,5,KITONGOJI_WITHOUT_MTAA,"Luhuwiko 57447 Luhuwiko A"
60,8,KITONGOJI_WITHOUT_MTAA,"Betrehemu 57448 Lusaka"
38,32,KITONGOJI_WITHOUT_MTAA,"MAKETE 595 Iwawa 59501 Lugelegenzi"
2,37,KITONGOJI_WITHOUT_MTAA,"KIBAHA 612 MLANDIZI 61201 Mihande"
3,6,KITONGOJI_WITHOUT_MTAA,"KILANGALANGA 61202 Kilangalanga"
3,9,KITONGOJI_WITHOUT_MTAA,"JANGA 61203 Janga"
3,13,KITONGOJI_WITHOUT_MTAA,"KIKONGO 61204 Kidai"
5,9,KITONGOJI_WITHOUT_MTAA,"Mtambani 61212 Mtambani"
5,14,KITONGOJI_WITHOUT_MTAA,"Mtongani 61213 Kisabi"
5,17,KITONGOJI_WITHOUT_MTAA,"Kawawa 61214 Msongola"
5,21,KITONGOJI_WITHOUT_MTAA,"BAGAMOYO 613 DUNDA 61301 Dunda"
5,37,KITONGOJI_WITHOUT_MTAA,"MAGOMENI 61302 Maji Coast"
6,3,KITONGOJI_WITHOUT_MTAA,"KIROMO 61303 Kiromo “A”"
6,31,KITONGOJI_WITHOUT_MTAA,"ZINGA 61304 Kasiki"
7,29,KITONGOJI_WITHOUT_MTAA,"KEREGE 61305 Kitonga"
11,16,KITONGOJI_WITHOUT_MTAA,"Mapinga 61323 Kibosha"
11,24,KITONGOJI_WITHOUT_MTAA,"Nia Njema 61324 Kimarang’ombe"
11,30,KITONGOJI_WITHOUT_MTAA,"Kisutu 61325 Kisutu"
11,34,KITONGOJI_WITHOUT_MTAA,"Makurunge 61326 Mtoni"
12,2,KITONGOJI_WITHOUT_MTAA,"KISARAWE 614 KISARAWE 61401 Kisarawe"
12,6,KITONGOJI_WITHOUT_MTAA,"KILUVYA 61402 Kiluvya"
12,31,KITONGOJI_WITHOUT_MTAA,"MSIMBU 61404 Msimbu"
17,38,KITONGOJI_WITHOUT_MTAA,"Kazimzumbwi 61417 Kazimzumbwi"
30,13,KITONGOJI_WITHOUT_MTAA,"RUFIJI 616 UTETE 61601 Siasa"
30,16,KITONGOJI_WITHOUT_MTAA,"CHEMCHEM 61602 Kindwitwi"
30,23,KITONGOJI_WITHOUT_MTAA,"NGARAMBE 61603 Ngarambe Mashariki"
44,21,KITONGOJI_WITHOUT_MTAA,"KIBITI 61813 61610 Kingwira"
44,36,KITONGOJI_WITHOUT_MTAA,"MTAWANYA 61814 61612 Bumba"
45,11,KITONGOJI_WITHOUT_MTAA,"DIMANI 61815 61611 Ngulakula"
23,16,KITONGOJI_WITHOUT_MTAA,"TANDAHIMBA 633 TANDAHIMBA 63301 Madaba Mjini"
31,11,KITONGOJI_WITHOUT_MTAA,"MAHUTA 63315 Chiwindi"
38,18,KITONGOJI_WITHOUT_MTAA,"CHIKONGOLA 63329 Msikitini"
39,11,KITONGOJI_WITHOUT_MTAA,"MALOPOKELO 63331 Malopokelo Mjini"
23,22,KITONGOJI_WITHOUT_MTAA,"NACHINGWEA 653 Nachingwea Mjini 65301 Mwera"
37,16,KITONGOJI_WITHOUT_MTAA,"Boma 65335 Boma"
37,21,KITONGOJI_WITHOUT_MTAA,"Ugawaji 65336 Posta Darajani"
37,31,KITONGOJI_WITHOUT_MTAA,"KILWA 654 Kilwa Masoko 65401 Masoko"
45,22,KITONGOJI_WITHOUT_MTAA,"KILOSA 674 Kasiki 67401 Behewa"
45,25,KITONGOJI_WITHOUT_MTAA,"Mbumi 67402 Mbumi 'A'"
45,27,KITONGOJI_WITHOUT_MTAA,"Mkwatani 67403 Kichangani"
45,34,KITONGOJI_WITHOUT_MTAA,"Magomeni 67404 Masugu juu"
65,39,KITONGOJI_WITHOUT_MTAA,"Mikumi 67440 Kiwalaza"
73,5,KITONGOJI_WITHOUT_MTAA,"Mlimba 67516 Mwenge"
85,12,KITONGOJI_WITHOUT_MTAA,"GAIRO 677 Gairo 67701 Malimbika"
92,24,KITONGOJI_WITHOUT_MTAA,"Ukwamani 67715 Kwa Walesha"
92,27,KITONGOJI_WITHOUT_MTAA,"Magoweko 67716 Magoweko"
92,30,KITONGOJI_WITHOUT_MTAA,"Mkalama 67717 Manyani"
92,37,KITONGOJI_WITHOUT_MTAA,"Msingisi 67718 Majembwe"
97,5,BAD_WARD_POSTCODE,"Kilosampepo 678010 67622 Kilosampepo Kilosa Mpepo"
