postcode,region,district,ward,kind,detail
11108,Dar es Salaam,Ilala CBD,Jangwani,AMBIGUOUS,"2 boundary wards and 2 postcode wards share this name; district did not settle it"
15122,Dar es Salaam,Temeke,Kasarawe II,NO_MATCH,"no boundary ward with this name"
21103,Tanga,Tanga CBD,Usagara,AMBIGUOUS,"2 boundary wards and 2 postcode wards share this name; district did not settle it"
21107,Tanga,Tanga CBD,Majengo,AMBIGUOUS,"14 boundary wards and 14 postcode wards share this name; district did not settle it"
21108,Tanga,Tanga CBD,Chumbageni,AMBIGUOUS,"2 boundary wards and 1 postcode wards share this name; district did not settle it"
21114,Tanga,Tanga CBD,Duga,AMBIGUOUS,"2 boundary wards and 2 postcode wards share this name; district did not settle it"
21206,Tanga,Tanga,Maweni,AMBIGUOUS,"1 boundary wards and 2 postcode wards share this name; district did not settle it"
21208,Tanga,Tanga,Pongwe,AMBIGUOUS,"2 boundary wards and 1 postcode wards share this name; district did not settle it"
21309,Tanga,Pangani,Mikinguni,NO_MATCH,"no boundary ward with this name"
21406,Tanga,Muheza,Tanganyika -Mtaa,NO_MATCH,"no boundary ward with this name"
21603,Tanga,Korogwe,Kwamsisi,AMBIGUOUS,"2 boundary wards and 2 postcode wards share this name; district did not settle it"
21604,Tanga,Korogwe,Kilole,AMBIGUOUS,"2 boundary wards and 2 postcode wards share this name; district did not settle it"
21605,Tanga,Korogwe,Mgombezi,NO_MATCH,"no boundary ward with this name"
21801,Tanga,Handeni,Chanika,AMBIGUOUS,"3 boundary wards and 3 postcode wards share this name; district did not settle it"
21805,Tanga,Handeni,Kwankonje,NO_MATCH,"no boundary ward with this name"
21807,Tanga,Handeni,Kwaluguru Magamba,NO_MATCH,"no boundary ward with this name"
23103,Arusha,Arusha CBD,Kaloleni,AMBIGUOUS,"2 boundary wards and 2 postcode wards share this name; district did not settle it"
23107,Arusha,Arusha CBD,Unga Limited,NO_MATCH,"no boundary ward with this name"
23114,Arusha,Arusha CBD,Engutoto,AMBIGUOUS,"2 boundary wards and 2 postcode wards share this name; district did not settle it"
23115,Arusha,Arusha CBD,Sokon,NO_MATCH,"no boundary ward with this name"
23117,Arusha,Arusha CBD,Terrat,AMBIGUOUS,"2 boundary wards and 2 postcode wards share this name; district did not settle it"
23201,Arusha,Arusha,Olturumet,NO_MATCH,"no boundary ward with this name"
23202,Arusha,Arusha,Mwandet,NO_MATCH,"no boundary ward with this name"
23205,Arusha,Arusha,Musa,NO_MATCH,"no boundary ward with this name"
23210,Arusha,Arusha,Olorien,NO_MATCH,"no boundary ward with this name"
23213,Arusha,Arusha,Kimnyak,NO_MATCH,"no boundary ward with this name"
23216,Arusha,Arusha,Olturoto,NO_MATCH,"no boundary ward with this name"
23309,Arusha,Arumeru,Songoro,AMBIGUOUS,"2 boundary wards and 1 postcode wards share this name; district did not settle it"
23413,Arusha,Monduli,Lepuliko,NO_MATCH,"no boundary ward with this name"
23508,Arusha,Longido,Elang'atadapash,NO_MATCH,"no boundary ward with this name"
23509,Arusha,Longido,Ketumbeine,NO_MATCH,"no boundary ward with this name"
23514,Arusha,Longido,Gelai Meingoi,NO_MATCH,"no boundary ward with this name"
23608,Arusha,Karatu,Endabashi,NO_MATCH,"no boundary ward with this name"
23610,Arusha,Karatu,Oldeani,NO_MATCH,"no boundary ward with this name"
23614,Arusha,Karatu,Endamaghan,NO_MATCH,"no boundary ward with this name"
23702,Arusha,Ngorongoro,Oloirien/ Magaiduru,NO_MATCH,"no boundary ward with this name"
23706,Arusha,Ngorongoro,Maaloni,NO_MATCH,"no boundary ward with this name"
25104,Kilimanjaro,Moshi CBD,Majengo,AMBIGUOUS,"14 boundary wards and 14 postcode wards share this name; district did not settle it"
25105,Kilimanjaro,Moshi CBD,Njoro,AMBIGUOUS,"3 boundary wards and 3 postcode wards share this name; district did not settle it"
25110,Kilimanjaro,Moshi CBD,Kaloleni,AMBIGUOUS,"2 boundary wards and 2 postcode wards share this name; district did not settle it"
25111,Kilimanjaro,Moshi CBD,Mji Mpya,AMBIGUOUS,"2 boundary wards and 2 postcode wards share this name; district did not settle it"
25113,Kilimanjaro,Moshi CBD,Kiboroloni,NO_MATCH,"no boundary ward with this name"
25117,Kilimanjaro,Moshi CBD,Miembeni,AMBIGUOUS,"3 boundary wards and 3 postcode wards share this name; district did not settle it"
25118,Kilimanjaro,Moshi CBD,Ng'ambo,AMBIGUOUS,"2 boundary wards and 2 postcode wards share this name; district did not settle it"
25230,Kilimanjaro,Moshi,Kahe Magharibi,NO_MATCH,"no boundary ward with this name"
25402,Kilimanjaro,Siha,Kashashi,NO_MATCH,"no boundary ward with this name"
25502,Kilimanjaro,Mwanga,Kigonigoni,NO_MATCH,"no boundary ward with this name"
25514,Kilimanjaro,Mwanga,Magagao,NO_MATCH,"no boundary ward with this name"
25708,Kilimanjaro,Rombo,Keni Aleni,NO_MATCH,"no boundary ward with this name"
25714,Kilimanjaro,Rombo,Kirua Keni,NO_MATCH,"no boundary ward with this name"
27207,Manyara,Babati,Bashnet,NO_MATCH,"no boundary ward with this name"
27212,Manyara,Babati,Gallapo,NO_MATCH,"no boundary ward with this name"
27213,Manyara,Babati,Mwikantsi,NO_MATCH,"no boundary ward with this name"
27214,Manyara,Babati,Qash,NO_MATCH,"no boundary ward with this name"
27305,Manyara,Hanang',Gitting,NO_MATCH,"no boundary ward with this name"
27307,Manyara,Hanang',Dirima,NO_MATCH,"no boundary ward with this name"
27310,Manyara,Hanang',Measkron,NO_MATCH,"no boundary ward with this name"
27319,Manyara,Hanang',Balangdalalu,NO_MATCH,"no boundary ward with this name"
27401,Manyara,Mbulu,Ayomohe,NO_MATCH,"no boundary ward with this name"
27404,Manyara,Mbulu,Endagokot,NO_MATCH,"no boundary ward with this name"
27405,Manyara,Mbulu,Ayamaani,NO_MATCH,"no boundary ward with this name"
27411,Manyara,Mbulu,Nambis,NO_MATCH,"no boundary ward with this name"
27415,Manyara,Mbulu,Marangw,NO_MATCH,"no boundary ward with this name"
27417,Manyara,Mbulu,Mosqaroda,NO_MATCH,"no boundary ward with this name"
27418,Manyara,Mbulu,Yeada Ampay,NO_MATCH,"no boundary ward with this name"
27422,Manyara,Mbulu,Qaloda,NO_MATCH,"no boundary ward with this name"
27429,Manyara,Mbulu,Haydarer,NO_MATCH,"no boundary ward with this name"
27502,Manyara,Kiteto,Bwagamoyo (Kaloleni),NO_MATCH,"no boundary ward with this name"
27506,Manyara,Kiteto,Olboloti,NO_MATCH,"no boundary ward with this name"
27519,Manyara,Kiteto,Makami,NO_MATCH,"no boundary ward with this name"
27601,Manyara,Simanjiro,Orkesumet,NO_MATCH,"no boundary ward with this name"
27603,Manyara,Simanjiro,Ruvu Remit,NO_MATCH,"no boundary ward with this name"
27604,Manyara,Simanjiro,Loiborsoit,NO_MATCH,"no boundary ward with this name"
27612,Manyara,Simanjiro,Oljoro Namba 5,NO_MATCH,"no boundary ward with this name"
27616,Manyara,Simanjiro,Endiamtu,NO_MATCH,"no boundary ward with this name"
27617,Manyara,Simanjiro,Edonyongijape,NO_MATCH,"no boundary ward with this name"
27618,Manyara,Simanjiro,Langai,NO_MATCH,"no boundary ward with this name"
30120,Geita,Geita,Nzera(Nzela),NO_MATCH,"no boundary ward with this name"
30131,Geita,Geita,Isulwabutundwe,NO_MATCH,"no boundary ward with this name"
30134,Geita,Geita,Lwenzera,NO_MATCH,"no boundary ward with this name"
30135,Geita,Geita,Kakubiro,NO_MATCH,"no boundary ward with this name"
30202,Geita,Nyang'hwale,Kakora,NO_MATCH,"no boundary ward with this name"
30322,Geita,Chato,Butengurumasa,NO_MATCH,"no boundary ward with this name"
30403,Geita,Mbogwe,Nhomolwa,NO_MATCH,"no boundary ward with this name"
30405,Geita,Mbogwe,Nyakafuru,NO_MATCH,"no boundary ward with this name"
30408,Geita,Mbogwe,Ngemo,NO_MATCH,"no boundary ward with this name"
30513,Geita,Bukombe,Butizya,NO_MATCH,"no boundary ward with this name"
31107,Mara,Musoma CBD,Nyamatare,AMBIGUOUS,"2 boundary wards and 2 postcode wards share this name; district did not settle it"
31109,Mara,Musoma CBD,Nyakato,AMBIGUOUS,"3 boundary wards and 3 postcode wards share this name; district did not settle it"
31223,Mara,Butiama,Buhemba,AMBIGUOUS,"2 boundary wards and 1 postcode wards share this name; district did not settle it"
31423,Mara,Tarime,Nyamaraga,NO_MATCH,"no boundary ward with this name"
31425,Mara,Tarime,Keore,NO_MATCH,"no boundary ward with this name"
31429,Mara,Tarime,Ketare,AMBIGUOUS,"1 boundary wards and 2 postcode wards share this name; district did not settle it"
31430,Mara,Tarime,Ganyange,NO_MATCH,"no boundary ward with this name"
31515,Mara,Bunda,Sarama,NO_MATCH,"no boundary ward with this name"
31601,Mara,Serengeti,Mugumu Mjini,NO_MATCH,"no boundary ward with this name"
33202,Mwanza,Ilemela,Butimba,AMBIGUOUS,"2 boundary wards and 2 postcode wards share this name; district did not settle it"
33203,Mwanza,Ilemela,Igoma,AMBIGUOUS,"2 boundary wards and 2 postcode wards share this name; district did not settle it"
33302,Mwanza,Sengerema,Nyatukara,NO_MATCH,"no boundary ward with this name"
33304,Mwanza,Sengerema,Mwambaluhi,NO_MATCH,"no boundary ward with this name"
33314,Mwanza,Sengerema,Nyakasungwa,NO_MATCH,"no boundary ward with this name"
33325,Mwanza,Sengerema,Chifunfu,NO_MATCH,"no boundary ward with this name"
33406,Mwanza,Magu,Kitongo Sima,NO_MATCH,"no boundary ward with this name"
33415,Mwanza,Magu,Sheshani,NO_MATCH,"no boundary ward with this name"
33502,Mwanza,Misungwi,Misasi,NO_MATCH,"no boundary ward with this name"
33512,Mwanza,Misungwi,Missungwi,NO_MATCH,"no boundary ward with this name"
33518,Mwanza,Misungwi,Ukiliguru,NO_MATCH,"no boundary ward with this name"
33525,Mwanza,Misungwi,Isenengeja,NO_MATCH,"no boundary ward with this name"
33619,Mwanza,Ukerewe,Igalla,NO_MATCH,"no boundary ward with this name"
33623,Mwanza,Ukerewe,Bukiko,NO_MATCH,"no boundary ward with this name"
33819,Mwanza,Kwimba,Mwakilyambiti,NO_MATCH,"no boundary ward with this name"
35103,Kagera,Bukoba CBD,Buhembe,NO_MATCH,"no boundary ward with this name"
35111,Kagera,Bukoba CBD,Miembeni,AMBIGUOUS,"3 boundary wards and 3 postcode wards share this name; district did not settle it"
35218,Kagera,Bukoba,Kikomelo,NO_MATCH,"no boundary ward with this name"
35313,Kagera,Misenyi,Kilimilile,NO_MATCH,"no boundary ward with this name"
35314,Kagera,Misenyi,Kasambya,NO_MATCH,"no boundary ward with this name"
35433,Kagera,Karagwe,Businde,AMBIGUOUS,"2 boundary wards and 2 postcode wards share this name; district did not settle it"
35434,Kagera,Karagwe,Rukulaijo,NO_MATCH,"no boundary ward with this name"
35435,Kagera,Karagwe,Songambele,AMBIGUOUS,"4 boundary wards and 4 postcode wards share this name; district did not settle it"
35502,Kagera,Muleba,Rushwa,NO_MATCH,"no boundary ward with this name"
35531,Kagera,Muleba,Magatalarutanga,NO_MATCH,"no boundary ward with this name"
35703,Kagera,Ngara,Nyamiaga,NO_MATCH,"no boundary ward with this name"
35719,Kagera,Ngara,Mulukulazo,NO_MATCH,"no boundary ward with this name"
35805,Kagera,Kyerwa,Kibare,NO_MATCH,"no boundary ward with this name"
37101,Shinyanga,Shinyanga CBD,Mjini,AMBIGUOUS,"1 boundary wards and 2 postcode wards share this name; district did not settle it"
37102,Shinyanga,Shinyanga CBD,Kambarage,AMBIGUOUS,"2 boundary wards and 2 postcode wards share this name; district did not settle it"
37107,Shinyanga,Shinyanga CBD,Ndala,AMBIGUOUS,"2 boundary wards and 2 postcode wards share this name; district did not settle it"
37215,Shinyanga,Shinyanga,Mwakitolyo,NO_MATCH,"no boundary ward with this name"
37217,Shinyanga,Shinyanga,Ndembezi,AMBIGUOUS,"2 boundary wards and 2 postcode wards share this name; district did not settle it"
37301,Shinyanga,Kahama,Majengo,AMBIGUOUS,"14 boundary wards and 14 postcode wards share this name; district did not settle it"
37306,Shinyanga,Kahama,Wendakulima,NO_MATCH,"no boundary ward with this name"
37325,Shinyanga,Kahama,Mondo,AMBIGUOUS,"4 boundary wards and 4 postcode wards share this name; district did not settle it"
37506,Shinyanga,Kishapu,Somagendi,NO_MATCH,"no boundary ward with this name"
39104,Simiyu,Bariadi,Sima (Mji Mdogo),NO_MATCH,"no boundary ward with this name"
39113,Simiyu,Bariadi,Mwaubingi,NO_MATCH,"no boundary ward with this name"
39114,Simiyu,Bariadi,Mwadobana,NO_MATCH,"no boundary ward with this name"
39126,Simiyu,Bariadi,Ng'wang'wali,NO_MATCH,"no boundary ward with this name"
39208,Simiyu,Itilima,Ikindilo,NO_MATCH,"no boundary ward with this name"
39217,Simiyu,Itilima,Luguru,NO_MATCH,"no boundary ward with this name"
39313,Simiyu,Maswa,Ngulinguli,NO_MATCH,"no boundary ward with this name"
39323,Simiyu,Maswa,Mwan'honoli,NO_MATCH,"no boundary ward with this name"
39403,Simiyu,Meatu,Mwakisadu,NO_MATCH,"no boundary ward with this name"
39416,Simiyu,Meatu,Mwangudo,NO_MATCH,"no boundary ward with this name"
41101,Dodoma,Dodoma CBD,Uhuru,AMBIGUOUS,"2 boundary wards and 2 postcode wards share this name; district did not settle it"
41104,Dodoma,Dodoma CBD,Tambukareli,AMBIGUOUS,"2 boundary wards and 2 postcode wards share this name; district did not settle it"
41106,Dodoma,Dodoma CBD,Majengo,AMBIGUOUS,"14 boundary wards and 14 postcode wards share this name; district did not settle it"
41107,Dodoma,Dodoma CBD,Dodoma Makulu,NO_MATCH,"no boundary ward with this name"
41109,Dodoma,Dodoma CBD,Chamwino,AMBIGUOUS,"1 boundary wards and 2 postcode wards share this name; district did not settle it"
41110,Dodoma,Dodoma CBD,Kilimani,AMBIGUOUS,"5 boundary wards and 3 postcode wards share this name; district did not settle it"
41115,Dodoma,Dodoma CBD,Kiwanja Cha Ndege,AMBIGUOUS,"2 boundary wards and 2 postcode wards share this name; district did not settle it"
41201,Dodoma,Dodoma,Makutopora,NO_MATCH,"no boundary ward with this name"
41208,Dodoma,Dodoma,Ng'hongh'ona,NO_MATCH,"no boundary ward with this name"
41217,Dodoma,Dodoma,Chang'ombe,AMBIGUOUS,"2 boundary wards and 2 postcode wards share this name; district did not settle it"
41219,Dodoma,Dodoma,Iyumbu,AMBIGUOUS,"2 boundary wards and 2 postcode wards share this name; district did not settle it"
41305,Dodoma,Bahi,Mpwamamtwa,NO_MATCH,"no boundary ward with this name"
41317,Dodoma,Bahi,Ibughule,NO_MATCH,"no boundary ward with this name"
41320,Dodoma,Bahi,Chifutuka,NO_MATCH,"no boundary ward with this name"
41516,Dodoma,Kongwa,Matogoro,AMBIGUOUS,"1 boundary wards and 2 postcode wards share this name; district did not settle it"
41601,Dodoma,Mpwapwa,Mpwapwa Mjini,NO_MATCH,"no boundary ward with this name"
41702,Dodoma,Kondoa,Suruke(siruke),NO_MATCH,"no boundary ward with this name"
41722,Dodoma,Kondoa,Kinyasi Kati,NO_MATCH,"no boundary ward with this name"
43103,Singida,Singida CBD,Mitunduruni,NO_MATCH,"no boundary ward with this name"
43109,Singida,Singida CBD,Majengo,AMBIGUOUS,"14 boundary wards and 14 postcode wards share this name; district did not settle it"
43112,Singida,Singida CBD,Unyambwa,NO_MATCH,"no boundary ward with this name"
43209,Singida,Singida,Mwasuya,NO_MATCH,"no boundary ward with this name"
43401,Singida,Manyoni,Manyoni Urban,NO_MATCH,"no boundary ward with this name"
43405,Singida,Manyoni,Makutopora,NO_MATCH,"no boundary ward with this name"
43408,Singida,Manyoni,Maweni,AMBIGUOUS,"1 boundary wards and 2 postcode wards share this name; district did not settle it"
43410,Singida,Manyoni,Heka Azimio,NO_MATCH,"no boundary ward with this name"
43425,Singida,Manyoni,Itigi,NO_MATCH,"no boundary ward with this name"
45101,Tabora,Tabora CBD,Ng'ambo,AMBIGUOUS,"2 boundary wards and 2 postcode wards share this name; district did not settle it"
45102,Tabora,Tabora CBD,Kitete,AMBIGUOUS,"2 boundary wards and 1 postcode wards share this name; district did not settle it"
45103,Tabora,Tabora CBD,Malolo,AMBIGUOUS,"4 boundary wards and 4 postcode wards share this name; district did not settle it"
45104,Tabora,Tabora CBD,Mbugani,AMBIGUOUS,"3 boundary wards and 3 postcode wards share this name; district did not settle it"
45106,Tabora,Tabora CBD,Tambukareli,AMBIGUOUS,"2 boundary wards and 2 postcode wards share this name; district did not settle it"
45110,Tabora,Tabora CBD,Kiloleni,AMBIGUOUS,"2 boundary wards and 2 postcode wards share this name; district did not settle it"
45111,Tabora,Tabora CBD,Chemchem,AMBIGUOUS,"3 boundary wards and 3 postcode wards share this name; district did not settle it"
45120,Tabora,Tabora CBD,Tumbi,AMBIGUOUS,"2 boundary wards and 2 postcode wards share this name; district did not settle it"
45206,Tabora,Uyui,Ilolangulu,NO_MATCH,"the only boundary ward with this name is in district Mbogwe, which the list has only in another region"
45305,Tabora,Sikonge,Kiloleli,AMBIGUOUS,"2 boundary wards and 3 postcode wards share this name; district did not settle it"
45314,Tabora,Sikonge,Ngonywa,NO_MATCH,"no boundary ward with this name"
45503,Tabora,Urambo,Itundu,NO_MATCH,"the only boundary ward with this name is in district Makete, which the list has only in another region"
45527,Tabora,Urambo,Ugala,NO_MATCH,"the only boundary ward with this name is in district Mlele, which the list has only in another region"
45616,Tabora,Igunga,Igoweko,NO_MATCH,"no boundary ward with this name"
47110,Kigoma,Kigoma CBD,Majengo,AMBIGUOUS,"14 boundary wards and 14 postcode wards share this name; district did not settle it"
47113,Kigoma,Kigoma CBD,Kagera,AMBIGUOUS,"2 boundary wards and 2 postcode wards share this name; district did not settle it"
47116,Kigoma,Kigoma CBD,Kibirizi,AMBIGUOUS,"2 boundary wards and 2 postcode wards share this name; district did not settle it"
47119,Kigoma,Kigoma CBD,Businde,AMBIGUOUS,"2 boundary wards and 2 postcode wards share this name; district did not settle it"
47210,Kigoma,Kigoma,Kamara,NO_MATCH,"no boundary ward with this name"
47307,Kigoma,Kasulu,Musambara,NO_MATCH,"no boundary ward with this name"
47311,Kigoma,Kasulu,Nyamunyusi,NO_MATCH,"no boundary ward with this name"
47317,Kigoma,Kasulu,Heru Ushingo,NO_MATCH,"no boundary ward with this name"
47327,Kigoma,Kasulu,Muganza,AMBIGUOUS,"3 boundary wards and 4 postcode wards share this name; district did not settle it"
47401,Kigoma,Kibondo,Kibondo Mjini,NO_MATCH,"no boundary ward with this name"
47506,Kigoma,Buhigwe,Muganza,AMBIGUOUS,"3 boundary wards and 4 postcode wards share this name; district did not settle it"
47507,Kigoma,Buhigwe,Mwanga B,NO_MATCH,"no boundary ward with this name"
47704,Kigoma,Kakonko,Gwanumpu,NO_MATCH,"no boundary ward with this name"
47706,Kigoma,Kakonko,Kasuga,NO_MATCH,"no boundary ward with this name"
50101,Katavi,Mpanda -Cbd,Kawajanse,NO_MATCH,"no boundary ward with this name"
50102,Katavi,Mpanda -Cbd,Ilembo,AMBIGUOUS,"2 boundary wards and 2 postcode wards share this name; district did not settle it"
50310,Katavi,Mlele,Nsekwa,NO_MATCH,"no boundary ward with this name"
50313,Katavi,Mlele,Ugalla,NO_MATCH,"the only boundary ward with this name is in district Urambo, which the list has only in another region"
51103,Iringa,Iringa CBD,Kitanzini / Miomboni,NO_MATCH,"no boundary ward with this name"
51105,Iringa,Iringa CBD,Ilala,AMBIGUOUS,"2 boundary wards and 2 postcode wards share this name; district did not settle it"
51107,Iringa,Iringa CBD,Mlandege,AMBIGUOUS,"2 boundary wards and 1 postcode wards share this name; district did not settle it"
51114,Iringa,Iringa CBD,Ruaha,AMBIGUOUS,"3 boundary wards and 2 postcode wards share this name; district did not settle it"
51115,Iringa,Iringa CBD,Nduli,AMBIGUOUS,"2 boundary wards and 1 postcode wards share this name; district did not settle it"
51207,Iringa,Iringa,Kiwele,NO_MATCH,"no boundary ward with this name"
51222,Iringa,Iringa,Nduli/Kising'a,NO_MATCH,"no boundary ward with this name"
51401,Iringa,Mufindi,Boma/Mafinga,NO_MATCH,"no boundary ward with this name"
51424,Iringa,Mufindi,Luhunga,NO_MATCH,"no boundary ward with this name"
51430,Iringa,Mufindi,Mpanga TAZARA,NO_MATCH,"no boundary ward with this name"
53101,Mbeya,Mbeya CBD,Mbalizi Road,NO_MATCH,"no boundary ward with this name"
53106,Mbeya,Mbeya CBD,Isanga,AMBIGUOUS,"3 boundary wards and 3 postcode wards share this name; district did not settle it"
53109,Mbeya,Mbeya CBD,Maendeleo,AMBIGUOUS,"2 boundary wards and 2 postcode wards share this name; district did not settle it"
53110,Mbeya,Mbeya CBD,Majengo,AMBIGUOUS,"14 boundary wards and 14 postcode wards share this name; district did not settle it"
53111,Mbeya,Mbeya CBD,Ghana,AMBIGUOUS,"2 boundary wards and 1 postcode wards share this name; district did not settle it"
53114,Mbeya,Mbeya CBD,Ruanda,AMBIGUOUS,"3 boundary wards and 3 postcode wards share this name; district did not settle it"
53123,Mbeya,Mbeya CBD,Tembela,AMBIGUOUS,"2 boundary wards and 1 postcode wards share this name; district did not settle it"
53124,Mbeya,Mbeya CBD,Mwansanga,NO_MATCH,"no boundary ward with this name"
53129,Mbeya,Mbeya CBD,Mwansenkwa,NO_MATCH,"no boundary ward with this name"
53203,Mbeya,Mbeya,Tembela-Simambwe,NO_MATCH,"no boundary ward with this name"
53221,Mbeya,Mbeya,Isale,NO_MATCH,"the only boundary ward with this name is in district Nkasi, which the list has only in another region"
53307,Mbeya,Mbozi,Nyimbili,NO_MATCH,"no boundary ward with this name"
53507,Mbeya,Rungwe,Ibingi,NO_MATCH,"no boundary ward with this name"
53508,Mbeya,Rungwe,Katumba,NO_MATCH,"no boundary ward with this name"
53616,Mbeya,Mbarali,Itamboleo,NO_MATCH,"no boundary ward with this name"
53701,Mbeya,Kyela,Kyela Mjini,NO_MATCH,"no boundary ward with this name"
53806,Mbeya,Chunya,Kanga,AMBIGUOUS,"3 boundary wards and 3 postcode wards share this name; district did not settle it"
53810,Mbeya,Chunya,Makongolosi,NO_MATCH,"no boundary ward with this name"
53812,Mbeya,Chunya,Mkwajuni,AMBIGUOUS,"2 boundary wards and 2 postcode wards share this name; district did not settle it"
53813,Mbeya,Chunya,Mbuyuni,AMBIGUOUS,"4 boundary wards and 4 postcode wards share this name; district did not settle it"
53818,Mbeya,Chunya,Kapalala,AMBIGUOUS,"2 boundary wards and 2 postcode wards share this name; district did not settle it"
53822,Mbeya,Chunya,Lualaje,NO_MATCH,"no boundary ward with this name"
53828,Mbeya,Chunya,Ifwenkenya,NO_MATCH,"no boundary ward with this name"
53829,Mbeya,Chunya,Magamba,AMBIGUOUS,"2 boundary wards and 2 postcode wards share this name; district did not settle it"
53904,Mbeya,Momba,Ndalambo,NO_MATCH,"no boundary ward with this name"
53905,Mbeya,Momba,Msangamno(Msangano),NO_MATCH,"no boundary ward with this name"
55101,Rukwa,Sumbawanga CBD,Sumbawanga,NO_MATCH,"no boundary ward with this name"
55104,Rukwa,Sumbawanga CBD,Malangali,AMBIGUOUS,"3 boundary wards and 3 postcode wards share this name; district did not settle it"
55107,Rukwa,Sumbawanga CBD,Majengo,AMBIGUOUS,"14 boundary wards and 14 postcode wards share this name; district did not settle it"
55110,Rukwa,Sumbawanga CBD,Senga,AMBIGUOUS,"2 boundary wards and 2 postcode wards share this name; district did not settle it"
55113,Rukwa,Sumbawanga CBD,Molo,NO_MATCH,"no boundary ward with this name"
55407,Rukwa,Kalambo,Kalambazite,NO_MATCH,"no boundary ward with this name"
55411,Rukwa,Kalambo,Mambwe Nkoswe,NO_MATCH,"no boundary ward with this name"
55413,Rukwa,Kalambo,Mambwe Kenya,NO_MATCH,"no boundary ward with this name"
57101,Ruvuma,Songea CBD,Mjini,AMBIGUOUS,"1 boundary wards and 2 postcode wards share this name; district did not settle it"
57102,Ruvuma,Songea CBD,Misufini,AMBIGUOUS,"2 boundary wards and 1 postcode wards share this name; district did not settle it"
57104,Ruvuma,Songea CBD,Majengo,AMBIGUOUS,"14 boundary wards and 14 postcode wards share this name; district did not settle it"
57112,Ruvuma,Songea CBD,Matogoro,AMBIGUOUS,"1 boundary wards and 2 postcode wards share this name; district did not settle it"
57202,Ruvuma,Songea,Matimila,NO_MATCH,"no boundary ward with this name"
57212,Ruvuma,Songea,Mhukuru,NO_MATCH,"no boundary ward with this name"
57214,Ruvuma,Songea,Mpandangindo,NO_MATCH,"no boundary ward with this name"
57215,Ruvuma,Songea,Mbinga Mhaule,NO_MATCH,"no boundary ward with this name"
57222,Ruvuma,Songea,Mjimwema,AMBIGUOUS,"4 boundary wards and 4 postcode wards share this name; district did not settle it"
57315,Ruvuma,Namtumbo,Likuyeseka,NO_MATCH,"no boundary ward with this name"
57411,Ruvuma,Mbinga,Mperai(Mpepai),NO_MATCH,"no boundary ward with this name"
57413,Ruvuma,Mbinga,Kiangi Mahuka,NO_MATCH,"no boundary ward with this name"
57602,Ruvuma,Tunduru,Mlingotini Magharibi,NO_MATCH,"no boundary ward with this name"
57615,Ruvuma,Tunduru,Nalasi,NO_MATCH,"no boundary ward with this name"
57635,Ruvuma,Tunduru,Nalai Mashariki,NO_MATCH,"no boundary ward with this name"
59108,Njombe,Njombe CBD,Mji Mwema,AMBIGUOUS,"4 boundary wards and 4 postcode wards share this name; district did not settle it"
59114,Njombe,Njombe CBD,Mjimwema,AMBIGUOUS,"4 boundary wards and 4 postcode wards share this name; district did not settle it"
59115,Njombe,Njombe CBD,Mlowa,AMBIGUOUS,"2 boundary wards and 2 postcode wards share this name; district did not settle it"
59206,Njombe,Njombe,Mafriga,NO_MATCH,"no boundary ward with this name"
59211,Njombe,Njombe,Mahongole,AMBIGUOUS,"2 boundary wards and 2 postcode wards share this name; district did not settle it"
59212,Njombe,Njombe,Utengule,AMBIGUOUS,"2 boundary wards and 2 postcode wards share this name; district did not settle it"
59314,Njombe,Wanging'ombe,Kipengele,NO_MATCH,"no boundary ward with this name"
61101,Pwani,Kibaha CBD,Tumbi,AMBIGUOUS,"2 boundary wards and 2 postcode wards share this name; district did not settle it"
61307,Pwani,Bagamoyo,Fukayosi,NO_MATCH,"no boundary ward with this name"
61415,Pwani,Kisarawe,Vikumburu,NO_MATCH,"no boundary ward with this name"
63101,Mtwara,Mtwara CBD,Railways,NO_MATCH,"no boundary ward with this name"
63104,Mtwara,Mtwara CBD,Shangani,AMBIGUOUS,"2 boundary wards and 1 postcode wards share this name; district did not settle it"
63105,Mtwara,Mtwara CBD,Chikongola,AMBIGUOUS,"2 boundary wards and 2 postcode wards share this name; district did not settle it"
63106,Mtwara,Mtwara CBD,Majengo,AMBIGUOUS,"14 boundary wards and 14 postcode wards share this name; district did not settle it"
63111,Mtwara,Mtwara CBD,Mtonya,AMBIGUOUS,"2 boundary wards and 2 postcode wards share this name; district did not settle it"
63113,Mtwara,Mtwara CBD,Jangwani,AMBIGUOUS,"2 boundary wards and 2 postcode wards share this name; district did not settle it"
63114,Mtwara,Mtwara CBD,Rahaleo,AMBIGUOUS,"3 boundary wards and 3 postcode wards share this name; district did not settle it"
63226,Mtwara,Mtwara,Mbembeleo,NO_MATCH,"no boundary ward with this name"
63305,Mtwara,Tandahimba,Nahnyanga,NO_MATCH,"no boundary ward with this name"
63317,Mtwara,Tandahimba,Mdimba,NO_MATCH,"no boundary ward with this name"
63330,Mtwara,Tandahimba,Mndumbwe,NO_MATCH,"no boundary ward with this name"
63401,Mtwara,Newala,Luchingu,NO_MATCH,"no boundary ward with this name"
63413,Mtwara,Newala,Chiteketa,NO_MATCH,"no boundary ward with this name"
63418,Mtwara,Newala,Chiwonga/Nandwahi,NO_MATCH,"no boundary ward with this name"
63421,Mtwara,Newala,Ndimba/Mpelepele,NO_MATCH,"no boundary ward with this name"
63503,Mtwara,Masasi,Mchenghani,NO_MATCH,"no boundary ward with this name"
63504,Mtwara,Masasi,Lisekese,NO_MATCH,"no boundary ward with this name"
63528,Mtwara,Masasi,Temeke,AMBIGUOUS,"2 boundary wards and 2 postcode wards share this name; district did not settle it"
63535,Mtwara,Masasi,Mwenge,AMBIGUOUS,"3 boundary wards and 3 postcode wards share this name; district did not settle it"
63607,Mtwara,Nanyumbu,Likokona Nakopi,NO_MATCH,"no boundary ward with this name"
65101,Lindi,Lindi CBD,Makonde,AMBIGUOUS,"2 boundary wards and 2 postcode wards share this name; district did not settle it"
65106,Lindi,Lindi CBD,Rahaleo,AMBIGUOUS,"3 boundary wards and 3 postcode wards share this name; district did not settle it"
65107,Lindi,Lindi CBD,Mwenge,AMBIGUOUS,"3 boundary wards and 3 postcode wards share this name; district did not settle it"
65109,Lindi,Lindi CBD,Wailesi,NO_MATCH,"no boundary ward with this name"
65110,Lindi,Lindi CBD,Nachingwea,AMBIGUOUS,"2 boundary wards and 2 postcode wards share this name; district did not settle it"
65115,Lindi,Lindi CBD,Ng'apa,AMBIGUOUS,"2 boundary wards and 2 postcode wards share this name; district did not settle it"
65301,Lindi,Nachingwea,Nachingwea Mjini,NO_MATCH,"no boundary ward with this name"
65313,Lindi,Nachingwea,Mnero Miembeni,NO_MATCH,"no boundary ward with this name"
65319,Lindi,Nachingwea,Mnero Ngongo,NO_MATCH,"no boundary ward with this name"
65328,Lindi,Nachingwea,Mitumbati,NO_MATCH,"no boundary ward with this name"
65329,Lindi,Nachingwea,Kipara Mtua,NO_MATCH,"no boundary ward with this name"
65330,Lindi,Nachingwea,Nang'ondo,NO_MATCH,"no boundary ward with this name"
65331,Lindi,Nachingwea,Mchonda,NO_MATCH,"no boundary ward with this name"
65332,Lindi,Nachingwea,Ngunichile,NO_MATCH,"no boundary ward with this name"
65401,Lindi,Kilwa,Kilwa Masoko,NO_MATCH,"no boundary ward with this name"
65405,Lindi,Kilwa,Migumbi,NO_MATCH,"no boundary ward with this name"
65409,Lindi,Kilwa,Pande / Mikoma,NO_MATCH,"no boundary ward with this name"
65411,Lindi,Kilwa,Kiranjeranje,NO_MATCH,"no boundary ward with this name"
65615,Lindi,Ruangwa,Luchelengwa,NO_MATCH,"no boundary ward with this name"
67101,Morogoro,Morogoro CBD,Sultani Area,NO_MATCH,"no boundary ward with this name"
67103,Morogoro,Morogoro CBD,Sabasaba,AMBIGUOUS,"2 boundary wards and 2 postcode wards share this name; district did not settle it"
67107,Morogoro,Morogoro CBD,Mji Mpya,AMBIGUOUS,"2 boundary wards and 2 postcode wards share this name; district did not settle it"
67108,Morogoro,Morogoro CBD,Kiwanja Cha Ndege,AMBIGUOUS,"2 boundary wards and 2 postcode wards share this name; district did not settle it"
67109,Morogoro,Morogoro CBD,Boma,AMBIGUOUS,"3 boundary wards and 2 postcode wards share this name; district did not settle it"
67110,Morogoro,Morogoro CBD,Kilakala,AMBIGUOUS,"2 boundary wards and 2 postcode wards share this name; district did not settle it"
67112,Morogoro,Morogoro CBD,Kichangani,AMBIGUOUS,"2 boundary wards and 2 postcode wards share this name; district did not settle it"
67116,Morogoro,Morogoro CBD,Mbuyuni,AMBIGUOUS,"4 boundary wards and 4 postcode wards share this name; district did not settle it"
67117,Morogoro,Morogoro CBD,Mlimani,AMBIGUOUS,"2 boundary wards and 1 postcode wards share this name; district did not settle it"
67120,Morogoro,Morogoro CBD,Lukobe,NO_MATCH,"no boundary ward with this name"
67121,Morogoro,Morogoro CBD,Mafisa,NO_MATCH,"no boundary ward with this name"
67122,Morogoro,Morogoro CBD,Tungi,NO_MATCH,"the only boundary ward with this name is in district Temeke, which the list has only in another region"
67123,Morogoro,Morogoro CBD,Kauzeni,NO_MATCH,"no boundary ward with this name"
67124,Morogoro,Morogoro CBD,Luhungo,NO_MATCH,"no boundary ward with this name"
67125,Morogoro,Morogoro CBD,Magadu,NO_MATCH,"no boundary ward with this name"
67126,Morogoro,Morogoro CBD,Mkundi,AMBIGUOUS,"2 boundary wards and 3 postcode wards share this name; district did not settle it"
67127,Morogoro,Morogoro CBD,Chamwino,AMBIGUOUS,"1 boundary wards and 2 postcode wards share this name; district did not settle it"
67128,Morogoro,Morogoro CBD,Kihonda Magorofani,NO_MATCH,"no boundary ward with this name"
67129,Morogoro,Morogoro CBD,Mindu,NO_MATCH,"the only boundary ward with this name is in district Tunduru, which the list has only in another region"
67205,Morogoro,Morogoro,Mkambalani,NO_MATCH,"no boundary ward with this name"
67228,Morogoro,Morogoro,Kibungo,NO_MATCH,"no boundary ward with this name"
67302,Morogoro,Mvomero,Dakawa,NO_MATCH,"no boundary ward with this name"
67318,Morogoro,Mvomero,Msongozi/Dom A,NO_MATCH,"no boundary ward with this name"
67319,Morogoro,Mvomero,Pemba,NO_MATCH,"the only boundary ward with this name is in district Tarime, which the list has only in another region"
67320,Morogoro,Mvomero,Kinda,NO_MATCH,"no boundary ward with this name"
67321,Morogoro,Mvomero,Mgeta,NO_MATCH,"no boundary ward with this name"
67322,Morogoro,Mvomero,Luale,NO_MATCH,"no boundary ward with this name"
67323,Morogoro,Mvomero,Nyandira,NO_MATCH,"no boundary ward with this name"
67406,Morogoro,Kilosa,Kilangali(Kitang Ali),NO_MATCH,"no boundary ward with this name"
67410,Morogoro,Kilosa,Chanzuru,NO_MATCH,"no boundary ward with this name"
67520,Morogoro,Kilombero,Kamwene,NO_MATCH,"no boundary ward with this name"
67521,Morogoro,Kilombero,Mngeta,NO_MATCH,"no boundary ward with this name"
67522,Morogoro,Kilombero,Michenga,NO_MATCH,"no boundary ward with this name"
67523,Morogoro,Kilombero,Mwaya,AMBIGUOUS,"2 boundary wards and 3 postcode wards share this name; district did not settle it"
67607,Morogoro,Ulanga,Lupilo,NO_MATCH,"no boundary ward with this name"
67622,Morogoro,Ulanga,Kilosampepo,NO_MATCH,"no boundary ward with this name"
67625,Morogoro,Ulanga,Mawasiliano,NO_MATCH,"no boundary ward with this name"
67626,Morogoro,Ulanga,Nawenge,NO_MATCH,"no boundary ward with this name"
67627,Morogoro,Ulanga,Uponera,NO_MATCH,"no boundary ward with this name"
67628,Morogoro,Ulanga,Ketaketa,NO_MATCH,"no boundary ward with this name"
67629,Morogoro,Ulanga,Milola,NO_MATCH,"the only boundary ward with this name is in district Lindi, which the list has only in another region"
67630,Morogoro,Ulanga,Njiwa,NO_MATCH,"no boundary ward with this name"
67631,Morogoro,Ulanga,Igawa,NO_MATCH,"no boundary ward with this name"
71102,Mjini Magharibi,Mjini,Kikwajuni,NO_MATCH,"no boundary ward with this name"
71114,Mjini Magharibi,Mjini,Kilima Hewa,NO_MATCH,"no boundary ward with this name"
71205,Mjini Magharibi,Magharibi,Kijito Upele,NO_MATCH,"no boundary ward with this name"
71213,Mjini Magharibi,Magharibi,Fuoni,NO_MATCH,"no boundary ward with this name"
72103,Kusini Unguja,Kusini,Mtegani,NO_MATCH,"no boundary ward with this name"
72104,Kusini Unguja,Kusini,Kizimkazi,NO_MATCH,"no boundary ward with this name"
72106,Kusini Unguja,Kusini,Muyuni,NO_MATCH,"no boundary ward with this name"
72201,Kusini Unguja,Kati,Dunga,NO_MATCH,"no boundary ward with this name"
72203,Kusini Unguja,Kati,Kiboje,NO_MATCH,"no boundary ward with this name"
72206,Kusini Unguja,Kati,Ndijani,NO_MATCH,"no boundary ward with this name"
72209,Kusini Unguja,Kati,Unguja Ukuu,NO_MATCH,"no boundary ward with this name"
73109,Kaskazini Unguja,Kaskazini A,Chaani,NO_MATCH,"no boundary ward with this name"
73112,Kaskazini Unguja,Kaskazini A,Tumbatu,NO_MATCH,"no boundary ward with this name"
73204,Kaskazini Unguja,Kaskazini B,Mtambile,NO_MATCH,"the only boundary ward with this name is in district Mkoani, which the list has only in another region"
73205,Kaskazini Unguja,Kaskazini B,Mbiji,NO_MATCH,"no boundary ward with this name"
73206,Kaskazini Unguja,Kaskazini B,Muanda,NO_MATCH,"no boundary ward with this name"
75107,Kaskazini Pemba,Wete,Selemu,NO_MATCH,"no boundary ward with this name"
75109,Kaskazini Pemba,Wete,Mtambwe,NO_MATCH,"no boundary ward with this name"
75202,Kaskazini Pemba,Micheweni,Tumbe,NO_MATCH,"no boundary ward with this name"
75205,Kaskazini Pemba,Micheweni,Kiuyu Maziwang'ombe,NO_MATCH,"no boundary ward with this name"
75210,Kaskazini Pemba,Micheweni,Msuka,NO_MATCH,"no boundary ward with this name"
